id,requisicion_id,producto_id,qty_solicitada,qty_aprobada,proveedor_sugerido_id,precio_estimado,observaciones,created_at
"d4f9a6e4-326b-7be7-3e47-8118c5d5b7e6","79338fbf-51be-12c3-d33f-0e035e831c16","ef186d39-97f5-658a-8e19-8a42f03d8578","12.00","12.00",,,"LIQUI MOLY","2026-05-08 19:07:47.732712+00"
"94e3eb16-552c-d2fc-5633-5f0300e2c212","79338fbf-51be-12c3-d33f-0e035e831c16","50541035-460f-a909-6f1c-43a2dfe2a1a5","20.00","20.00",,,"LIQUI MOLY","2026-05-08 19:09:03.695979+00"
"15087a27-af67-5eeb-6da3-2b9435d19940","79338fbf-51be-12c3-d33f-0e035e831c16","22e69ece-f6af-d204-3b81-511e4af16910","12.00","12.00",,,"LIQUI MOLY","2026-05-08 19:10:27.509951+00"
"1c73baf2-8f33-1021-54f5-ece0304d7631","79338fbf-51be-12c3-d33f-0e035e831c16","2130e90d-7e9c-302b-285b-90501ac7bead","12.00","12.00",,,"LIQUI MOLY","2026-05-08 19:11:15.26257+00"
"6c6d1125-67d6-0087-79a7-2aa5791879dc","79338fbf-51be-12c3-d33f-0e035e831c16","0277035c-fe77-1788-b190-f5ce413602a7","18.00","18.00",,,"LIQUI MOLY","2026-05-08 19:11:40.933873+00"
"695f7cf5-d907-24d8-2509-dafbd12eb2dd","79338fbf-51be-12c3-d33f-0e035e831c16","acde5208-d503-1bdb-3821-ca52d99b740f","24.00","24.00",,,"LIQUI MOLY","2026-05-08 19:11:52.137224+00"
"c48073f9-edc0-6279-c125-9b4c0d9a2a8c","6af3b2b0-7cdb-6c8c-f383-7a5e39ff0639","4f41cb57-6b4c-1dfd-d5de-e1c74ebc9fb8","5.00","5.00",,,"FILCAR","2026-05-08 19:34:44.797257+00"
"78bdb824-701a-ad69-cd27-cb7e2368f8ef","6af3b2b0-7cdb-6c8c-f383-7a5e39ff0639","0dfcae6c-bfdd-8b5d-78d2-63e19b3f3173","5.00","5.00",,,"TAKUMI","2026-05-08 19:38:04.32698+00"
"8c620c10-3f49-0f7c-949c-a739fafccad9","6af3b2b0-7cdb-6c8c-f383-7a5e39ff0639","63cde636-7c9e-6bd5-7df4-63a5919d8ffc","5.00","5.00",,,"TAKUMI","2026-05-08 19:38:04.32698+00"
"b42bbabf-1e8a-b5c8-68ad-00e832c31b2a","344b3a10-4001-255a-f5ec-d4b7f67b9e15","ca54617e-a91d-44fb-e32b-ef7de53048b4","10.00","10.00",,,"MILLARD","2026-05-08 19:42:09.222514+00"
"1791b75c-3847-3891-0dd3-54fa51695977","344b3a10-4001-255a-f5ec-d4b7f67b9e15","b4aa39f6-5f69-3402-a862-6c32f52067bf","10.00","10.00",,,"TAKUMI","2026-05-08 19:42:09.222514+00"
"32955f71-346a-0425-e14c-f57aa2bdc175","6af3b2b0-7cdb-6c8c-f383-7a5e39ff0639","36f1743a-31d9-3c43-db35-5d4fd58e77c3","5.00","5.00",,,"TAKUMI","2026-05-08 20:16:06.521118+00"
"f72ca06a-b506-14fb-8b9c-a3a0d313fafb","5a6222fb-89c1-13a2-0a05-ce755a677617","e0fe0bfd-da04-2505-60cc-19545bc1ae1f","5.00","5.00",,,"TAKUMI","2026-05-08 23:03:28.468164+00"
"32eb95c8-228f-9bbd-c902-3aae6ba372b7","5a6222fb-89c1-13a2-0a05-ce755a677617","97adfe29-fb00-b1e0-6f86-83cdf3c106dd","5.00","5.00",,,"AUTOBOSS","2026-05-08 23:03:28.468164+00"
"505796ab-128b-2331-994c-47a53fba1133","5a6222fb-89c1-13a2-0a05-ce755a677617","3cdfea59-4398-26ff-bea1-c6c23ea40181","5.00","5.00",,,"TAKUMI","2026-05-08 23:03:28.468164+00"
"97790741-94e1-0af2-d19f-eea022cb401d","5a6222fb-89c1-13a2-0a05-ce755a677617","52d60990-e5be-536a-aa58-21c642639a0a","5.00","5.00",,,"TAKUMI","2026-05-08 23:03:28.468164+00"
"c490a69c-9e2d-97a2-e418-ad51832a09cd","5a6222fb-89c1-13a2-0a05-ce755a677617","bc0c7598-f823-f99a-a1cd-9f68a0c20156","5.00","5.00",,,"TAKUMI","2026-05-08 23:11:18.050256+00"
"2006e518-4cad-9cd5-f917-0e6a1b6346ec","5a6222fb-89c1-13a2-0a05-ce755a677617","455db1f8-b353-5c84-def4-b187e7aef0a2","5.00","5.00",,,"TAKUMI","2026-05-08 23:11:18.050256+00"
"b09585e7-8c94-2fd7-9ef7-5cbe52e3a0d8","5a6222fb-89c1-13a2-0a05-ce755a677617","b6e5df5a-3285-3da6-4e4b-496a24117c95","5.00","5.00",,,"AUTOBOSS","2026-05-08 23:11:18.050256+00"
"519023e0-e61d-9bcb-60e8-53fee417d201","5a6222fb-89c1-13a2-0a05-ce755a677617","217f3808-fab6-6522-7001-3ed8fc813c60","7.00","7.00",,,"AUTOBOSS","2026-05-08 23:11:18.050256+00"
"10ff3bd9-e369-78e9-3ab1-258c42bf8dbc","5a6222fb-89c1-13a2-0a05-ce755a677617","86aaf016-a881-591c-8073-aedcf9b15f46","10.00","10.00",,,"TAKUMI","2026-05-08 23:11:18.050256+00"
"29f6451f-4c7d-603d-006e-54dbc305306f","5a6222fb-89c1-13a2-0a05-ce755a677617","fcdf26e7-19ee-ebae-b336-6e328da9dd4b","5.00","5.00",,,"TAKUMI","2026-05-08 23:11:18.050256+00"
"8e3f73c3-67ca-b429-b7d2-66fbe28cc4aa","5a6222fb-89c1-13a2-0a05-ce755a677617","579498d8-92c9-9db7-37e6-3fbfd3ed376e","5.00","5.00",,,"TAKUMI","2026-05-08 23:11:18.050256+00"
"075cf577-0958-d173-425b-aa26e6527c72","bc0180dd-a40f-be6e-ca23-d8efd581a3eb","f52eda13-693d-4b77-f12d-97f8e734d335","15.00","15.00",,,"MILLARD","2026-05-08 23:11:30.91955+00"
"2e005607-6532-7991-acf7-4af221db5084","bc0180dd-a40f-be6e-ca23-d8efd581a3eb","fc050b2d-7275-edd8-9a5e-d2235c4e4d1e","10.00","10.00",,,"SAKURA","2026-05-08 23:11:30.91955+00"
"0b846933-fcf3-73e3-ef78-5f97ed169fed","bc0180dd-a40f-be6e-ca23-d8efd581a3eb","24e8ddcd-4bb1-52f4-5939-ead9fa75d406","10.00","10.00",,,"SAKURA","2026-05-08 23:11:30.91955+00"
"5b5b67ab-0984-7a33-1515-035cd5f53abc","bc0180dd-a40f-be6e-ca23-d8efd581a3eb","a670f1b9-83b4-a57f-74d3-2bf489a80db8","100.00","100.00",,,"SAKURA","2026-05-08 23:11:30.91955+00"
"b3a512d6-5249-2a8b-7d85-cc955c7a5050","bc0180dd-a40f-be6e-ca23-d8efd581a3eb","bb79b8d5-dcad-5ed5-7be2-e66e4b4278ed","10.00","10.00",,,"AUTOBOSS","2026-05-08 23:11:30.91955+00"
"2435a956-4dd9-2829-41e5-6477a210d652","bc0180dd-a40f-be6e-ca23-d8efd581a3eb","515e2315-ad6a-8eb0-a3a7-5ad98737490c","100.00","100.00",,,"SAKURA","2026-05-08 23:11:30.91955+00"
"d2c473e7-69ba-ea10-62e9-c6ed36716169","bc0180dd-a40f-be6e-ca23-d8efd581a3eb","52995f58-e94e-fcfe-8057-f5d565d2857f","200.00","200.00",,,"SAKURA","2026-05-08 23:11:30.91955+00"
"7cfc6980-2dc1-4884-c7a3-050a64a9436e","bc0180dd-a40f-be6e-ca23-d8efd581a3eb","e0fb39cd-9084-3732-b907-75d800d09567","100.00","100.00",,,"SAKURA","2026-05-09 16:54:08.683708+00"
"7b5af2af-2e92-a24e-8784-38a12cb2bc20","2da2c596-2643-5cc1-3089-1efafba8265d","929c7dd4-7054-4844-383b-1079ed6d3edb","4.00","4.00",,,"TAKUMI","2026-05-09 19:53:07.501448+00"
"11ff7094-f6db-4097-9f92-74855d3fd23a","2da2c596-2643-5cc1-3089-1efafba8265d","d6f74cfc-b63d-7b04-0c4c-adeb2229ed35","4.00","4.00",,,"TAKUMI","2026-05-09 19:53:07.501448+00"
"e5c77615-894f-3f0b-485d-610ef0f486b4","2da2c596-2643-5cc1-3089-1efafba8265d","87cd719a-a432-83a6-77b7-9d5e5cfe1e82","4.00","4.00",,,"TAKUMI","2026-05-09 19:53:07.501448+00"
"0e3289bc-6980-93b4-455f-57e230bbbe39","2da2c596-2643-5cc1-3089-1efafba8265d","fcac8ee4-e69f-debd-6b18-4dbb3b29fb55","5.00","5.00",,,"TAKUMI","2026-05-09 19:53:07.501448+00"
"84a7e441-f81f-eb06-98ae-7f2960a766b5","2da2c596-2643-5cc1-3089-1efafba8265d","43082f0c-f19e-2988-d290-8ffaf4a73ad3","5.00","5.00",,,"MILLARD","2026-05-09 19:53:07.501448+00"
"fa83861b-084f-45fa-4124-004ce3d58b7b","2da2c596-2643-5cc1-3089-1efafba8265d","2497ce3a-bd1a-1ba7-a309-732ff60aff2b","5.00","5.00",,,"TAKUMI","2026-05-09 19:53:07.501448+00"
"882a2ac5-875e-fa16-8762-f54b1b1f0911","2da2c596-2643-5cc1-3089-1efafba8265d","83b273d6-85fa-e1ba-1ff5-ebff44c274f7","4.00","4.00",,,"TAKUMI","2026-05-09 19:53:07.501448+00"
"859cbe90-8191-ae92-8f45-0f5a641ab07a","2da2c596-2643-5cc1-3089-1efafba8265d","b538bfcd-e032-7a50-f995-b3b9841042e8","6.00","6.00",,,"TAKUMI","2026-05-09 19:53:07.501448+00"
"df353554-1117-f4fd-5cc3-a5587aa49a59","2da2c596-2643-5cc1-3089-1efafba8265d","2207dbd3-32a7-38be-8992-147608636ae4","6.00","6.00",,,"MILLARD","2026-05-09 19:53:07.501448+00"
"f04607c6-d9d5-769a-9914-846ba6c7bf50","2da2c596-2643-5cc1-3089-1efafba8265d","6dde8640-8d55-01c7-bce0-001dcc21c3c8","6.00","6.00",,,"TAKUMI","2026-05-09 19:53:07.501448+00"
"0e89e081-04a4-0fee-bcbc-30247bd4da0c","2da2c596-2643-5cc1-3089-1efafba8265d","57591031-db7c-7342-0b16-e3465a60ce94","6.00","6.00",,,"TAKUMI","2026-05-09 19:53:07.501448+00"
"fd890eb1-1bed-7e24-c2f4-0f9bcd86fc0a","2da2c596-2643-5cc1-3089-1efafba8265d","cd586f51-8aab-d10a-9f69-61092024564d","4.00","4.00",,,"TAKUMI","2026-05-09 19:53:07.501448+00"
"d3c2a551-5403-e0d6-6775-d3ed2c5f7988","2da2c596-2643-5cc1-3089-1efafba8265d","f4efb91b-5613-53a9-7c63-a28b751018ba","5.00","5.00",,,"TAKUMI","2026-05-09 19:53:07.501448+00"
"27153b41-82d3-b341-4623-9387f5fd7c4d","2da2c596-2643-5cc1-3089-1efafba8265d","dba83cc6-b8d8-cd69-f010-f4884233afc3","6.00","6.00",,,"TAKUMI","2026-05-09 19:53:07.501448+00"
"1f899c70-61b3-61f9-8b0a-118954f13a6a","2da2c596-2643-5cc1-3089-1efafba8265d","88e85fdd-5529-1e05-8057-ca8e7bb7d188","3.00","3.00",,,"FILCAR","2026-05-09 20:20:29.694204+00"
"3081f998-6c46-4697-c291-46c98bccaf9c","2da2c596-2643-5cc1-3089-1efafba8265d","956ae98d-b78e-4ad3-1049-754ef8d89742","4.00","4.00",,,"TAKUMI","2026-05-09 20:20:29.694204+00"
"23367a64-1220-f3d5-fdf0-4346288c6156","2da2c596-2643-5cc1-3089-1efafba8265d","2e7bf161-550a-6e1f-2ab5-f94b35f31912","4.00","4.00",,,"TAKUMI","2026-05-09 20:20:29.694204+00"
"1b1ef16f-e567-223d-4cae-eaa890fe9176","2da2c596-2643-5cc1-3089-1efafba8265d","9b9fac2c-3d6d-e1aa-6bfb-2b1a653c0544","5.00","5.00",,,"TAKUMI","2026-05-09 20:20:29.694204+00"
"16b4549f-94c6-acd8-2230-f8c9e581cf0f","2da2c596-2643-5cc1-3089-1efafba8265d","27982709-f262-b473-c4cd-e2720a9ca7b0","4.00","4.00",,,"MILLARD","2026-05-09 20:20:29.694204+00"
"5761f452-c3ce-8be2-b8bd-169ff213e5c9","2da2c596-2643-5cc1-3089-1efafba8265d","7fad96d9-d103-b501-f435-c2721c284715","5.00","5.00",,,"TAKUMI","2026-05-09 20:20:29.694204+00"
"67ad7218-d2a1-4598-534a-5850d4b1a18d","2da2c596-2643-5cc1-3089-1efafba8265d","bb75dd2c-dcba-297b-7ebb-4f279e383d88","6.00","6.00",,,"TAKUMI","2026-05-09 20:20:29.694204+00"
"b7911bbf-851a-83aa-51f6-3bfdf84d95ac","2da2c596-2643-5cc1-3089-1efafba8265d","81c7b376-065e-ead8-8b07-fb5bcf99937a","5.00","5.00",,,"TAKUMI","2026-05-09 20:20:29.694204+00"
"4051267c-e2d6-3bc0-5718-cb83a9483d94","2da2c596-2643-5cc1-3089-1efafba8265d","83bbf845-e069-a66f-83e4-24bc22866704","6.00","6.00",,,"TAKUMI","2026-05-09 20:20:29.694204+00"
"2dd4fbcc-b0d9-ff1e-5a94-14e7dc1b1d48","2da2c596-2643-5cc1-3089-1efafba8265d","6d909755-3f97-81c7-5644-18484151d3b0","6.00","6.00",,,"TAKUMI","2026-05-09 20:20:29.694204+00"
"31b7927c-7249-a223-72d5-4ef355ae1a15","2da2c596-2643-5cc1-3089-1efafba8265d","dfb2eb00-8474-f25d-87a4-65a5760db0de","6.00","6.00",,,"SAKURA","2026-05-09 20:20:29.694204+00"
"5252e46a-5711-e184-e6a4-bb97f8c098b5","2da2c596-2643-5cc1-3089-1efafba8265d","87b64c31-cd90-34d6-847f-8d542dfef7b5","5.00","5.00",,,"TAKUMI","2026-05-09 20:20:29.694204+00"
"f5276c92-bf2a-5ca5-7c20-603d993e4bdd","2da2c596-2643-5cc1-3089-1efafba8265d","b987492d-7d2d-b902-1e99-cc46a96463b4","4.00","4.00",,,"SAKURA","2026-05-09 20:30:59.60502+00"
"4fe60aa1-2cfb-7c58-b445-408531b38d51","2da2c596-2643-5cc1-3089-1efafba8265d","ba771ccb-b654-0911-b906-1d1a100d2dd9","6.00","6.00",,,"TAKUMI","2026-05-09 20:30:59.60502+00"
"eef5a9ae-a0a0-ef14-6276-52c15a6a1fd8","2da2c596-2643-5cc1-3089-1efafba8265d","ec2464c8-915e-0f62-d0a0-94f164c8e485","4.00","4.00",,,"TAKUMI","2026-05-09 20:33:10.280935+00"
"f432dee6-8aec-3407-4626-25d445775f3b","6af3b2b0-7cdb-6c8c-f383-7a5e39ff0639","f3a14322-8259-8266-32b1-9ced15ae9a60","5.00","5.00",,,"FILCAR","2026-05-09 21:45:52.644737+00"
"012533c2-83bb-cfd5-85e4-bf3d50e126c9","6af3b2b0-7cdb-6c8c-f383-7a5e39ff0639","110e5b98-4bef-3b80-7a33-5ed2c4d38c54","5.00","5.00",,,"FILCAR","2026-05-09 21:45:52.644737+00"
"08ac34f3-dab7-dc3e-f447-bc1e835b3801","1a777de2-3748-1493-94b8-6c239e5ce9b3","0ff84e2b-552d-8522-430f-eb20601a03f4","24.00","24.00",,,"MILLARD","2026-05-09 22:44:24.858979+00"
"6695dc1a-eb7c-4468-0b96-b2e208bb9e81","1a777de2-3748-1493-94b8-6c239e5ce9b3","2f3df0d8-ef9b-928c-b119-8167247f25f5","10.00","10.00",,,"MILLARD","2026-05-09 22:44:24.858979+00"
"a6b394a4-9ff4-ccd3-db4a-7a90a44d1952","1a777de2-3748-1493-94b8-6c239e5ce9b3","4866fdeb-9d07-8f78-fee4-f9f4682c26ba","10.00","10.00",,,"SAKURA","2026-05-09 22:44:24.858979+00"
"30782618-8663-c952-5c05-ce4d00c1718b","1a777de2-3748-1493-94b8-6c239e5ce9b3","a2831255-2bb3-0034-dc89-fc654cf6057c","10.00","10.00",,,"SAKURA","2026-05-09 22:44:24.858979+00"
"fe9eac7a-4c99-5fcf-0e86-0e6be2420e0c","1a777de2-3748-1493-94b8-6c239e5ce9b3","b395cbf5-607b-2428-5cf6-b4c8392741e1","5.00","5.00",,,"SAKURA","2026-05-09 22:54:47.603584+00"
"14a2b6f4-e549-19b3-3cd9-5b3f420b8f9b","1a777de2-3748-1493-94b8-6c239e5ce9b3","ab914dd0-1cac-be4b-cde8-b388f61611a5","10.00","10.00",,,"SAKURA","2026-05-09 22:54:47.603584+00"
"b71f89aa-2d69-7201-f84d-dc913e19c6d1","1a777de2-3748-1493-94b8-6c239e5ce9b3","0e34ee49-fc3d-ddab-3aff-57a0ae743129","6.000000","6.000000",,,"MILLARD","2026-05-11 15:52:27.714599+00"
"90629972-89b6-8272-9932-cdcfca106687","6af3b2b0-7cdb-6c8c-f383-7a5e39ff0639","579498d8-92c9-9db7-37e6-3fbfd3ed376e","5.00","5.00",,,"TAKUMI","2026-05-11 16:50:50.803162+00"
"d708f5ca-23e6-a963-6db5-96e804aa9dd5","c2da5099-d44d-c5ff-1b9c-cfacace6a843","58c55d93-5eae-5bd0-069b-adc7ba0895df","10.000000",,,,,"2026-05-12 19:40:37.738199+00"
"d2bafd72-30df-c29b-b75a-a956755dcb20","c2da5099-d44d-c5ff-1b9c-cfacace6a843","52d60990-e5be-536a-aa58-21c642639a0a","25.000000","25.000000",,,,"2026-05-12 19:43:14.993946+00"
"59cb3ba4-a7c9-2d43-a6cc-81501cd8687d","c2da5099-d44d-c5ff-1b9c-cfacace6a843","fcac8ee4-e69f-debd-6b18-4dbb3b29fb55","5.000000","5.000000",,,,"2026-05-12 19:53:27.729345+00"
"1286a663-0dd3-203d-7394-cf7353c8a3f2","c2da5099-d44d-c5ff-1b9c-cfacace6a843","f1eadf4c-ed81-8bbe-2ab1-55bac995859c","5.000000","5.000000",,,,"2026-05-12 19:53:27.729345+00"
"bd4ea7ee-7751-294a-ee91-1863c75de5d5","c2da5099-d44d-c5ff-1b9c-cfacace6a843","ba7bc0be-e192-f5d6-58ae-09a3cf5b9708","10.000000","10.000000",,,,"2026-05-12 19:53:27.729345+00"
"1902b1e6-b116-9779-62a2-459855e69b0e","dc3f5c80-be4f-4d72-54a0-2c65451f278e","1e904f4f-5f18-cd03-dab9-9f1cd8fbe7f5","80.000000","80.000000",,,,"2026-05-13 15:39:29.681283+00"
"8b8decc5-ade7-80ea-fbdb-f09f5de8f330","dc3f5c80-be4f-4d72-54a0-2c65451f278e","50541035-460f-a909-6f1c-43a2dfe2a1a5","36.000000","36.000000",,,,"2026-05-13 15:39:29.681283+00"
"411e020d-a4fc-a466-62b9-ab474fbbcf86","dc3f5c80-be4f-4d72-54a0-2c65451f278e","45b4e2a5-bcab-8904-287e-ab9b576281a7","36.000000","36.000000",,,,"2026-05-13 15:39:29.681283+00"
"78da7e2c-fb4d-d17c-6f3c-da2ecbe3687d","dc3f5c80-be4f-4d72-54a0-2c65451f278e","fd81df13-84a1-c458-1332-961d8bcaa551","32.000000","32.000000",,,,"2026-05-13 17:10:11.015676+00"
"cff77d22-6d1c-961e-6489-a11bdafba491","908cc96b-bb62-3782-0005-03a5d2072d62","9c27eb0a-2bfc-874d-e8a7-49602d1014e2","5.000000",,,,,"2026-05-13 17:11:44.532403+00"
"efb98562-dbcb-f840-9274-0021d9a011b6","c2da5099-d44d-c5ff-1b9c-cfacace6a843","68366c5d-6814-af6c-6fe3-52275bec4645","5.000000","5.000000",,,,"2026-05-13 20:55:51.363035+00"
"5dff2558-a552-7f1b-703f-9e2dd962c170","c2da5099-d44d-c5ff-1b9c-cfacace6a843","326414df-cf33-395f-7447-6ded83d527d1","5.000000","5.000000",,,,"2026-05-13 20:59:05.389017+00"
"617b99c7-2fe5-90e5-9fa2-8103a8dbcf30","c2da5099-d44d-c5ff-1b9c-cfacace6a843","c2c05a48-4d83-836a-5bda-ea7a0614e36a","10.000000","10.000000",,,,"2026-05-13 21:08:33.699964+00"
"3ffbd168-3e8c-21c8-711e-507f647ba1c6","dc3f5c80-be4f-4d72-54a0-2c65451f278e","03e26006-d289-09c9-d3a1-06bdec5743f3","64.000000","64.000000",,,,"2026-05-13 22:08:07.889106+00"
"e472515d-e819-d878-6907-ef08233c4618","0b7451d8-e014-3d43-e5ac-4e4a7d96bf94","2420f03a-abf1-6068-18a7-5b47f1a38ff6","410.000000","410.000000",,,,"2026-05-13 23:38:42.715833+00"
"fe6f3cea-eebf-d76e-3c64-2319cc8c0280","0b7451d8-e014-3d43-e5ac-4e4a7d96bf94","03e26006-d289-09c9-d3a1-06bdec5743f3","48.000000","48.000000",,,,"2026-05-14 22:54:08.674634+00"
"c7c1c18a-25da-d623-52e9-a823e60516da","0b7451d8-e014-3d43-e5ac-4e4a7d96bf94","bd049eed-4a7e-e23e-5840-a97fe494a3c6","16.000000","16.000000",,,,"2026-05-14 22:56:57.48806+00"
"659c7932-eec8-2e61-7a72-a293af95532b","0b7451d8-e014-3d43-e5ac-4e4a7d96bf94","1f4d8446-0f45-3ae1-a802-5549dd4ec193","36.000000","36.000000",,,,"2026-05-14 22:58:00.90731+00"
"1f3a07a4-050f-91ea-2e61-7fb3c1ea097d","0b7451d8-e014-3d43-e5ac-4e4a7d96bf94","ff12e6dc-066f-220c-8be7-2fa6dafcc01b","36.000000","36.000000",,,,"2026-05-14 22:58:58.62426+00"
"21ecf890-a953-9c63-84d0-398e52a1ee2b","0b7451d8-e014-3d43-e5ac-4e4a7d96bf94","3e2cb031-ffec-5974-746b-4494a5314829","18.000000","18.000000",,,,"2026-05-14 23:08:50.249277+00"
"1e11e98f-d5e6-d994-d04b-7976ba210b2c","dc3f5c80-be4f-4d72-54a0-2c65451f278e","b601a89a-7032-16ac-6662-ac1f6bb1f56d","16.000000","16.000000",,,,"2026-05-15 00:31:47.000652+00"
"c1da7177-7182-67b5-aab4-a04a730227ca","dc3f5c80-be4f-4d72-54a0-2c65451f278e","012deb21-69b5-295f-a3ac-9828fb5ff1b9","32.000000","32.000000",,,,"2026-05-15 00:40:57.661226+00"
"358dfaba-e68a-f3d2-4929-0b2dbaccc379","dc3f5c80-be4f-4d72-54a0-2c65451f278e","5300c070-ab98-b593-9b34-7b53b47e4299","32.000000","32.000000",,,,"2026-05-15 00:40:57.661226+00"
"86c59722-660d-7271-c26e-62e10909ef84","dc3f5c80-be4f-4d72-54a0-2c65451f278e","ff12e6dc-066f-220c-8be7-2fa6dafcc01b","36.000000","36.000000",,,,"2026-05-15 00:40:57.661226+00"
"954b66d7-8b06-b24e-3da9-27332c8e31c8","dc3f5c80-be4f-4d72-54a0-2c65451f278e","3e2cb031-ffec-5974-746b-4494a5314829","48.000000","48.000000",,,,"2026-05-15 00:40:57.661226+00"
"d7ec0159-e27b-cf9f-17da-7b101c27b1a8","0b7451d8-e014-3d43-e5ac-4e4a7d96bf94","1e904f4f-5f18-cd03-dab9-9f1cd8fbe7f5","32.000000","32.000000",,,,"2026-05-15 21:59:20.83356+00"
"0f4c359f-426a-3d82-abfd-f9ef1e49a42f","0b7451d8-e014-3d43-e5ac-4e4a7d96bf94","012deb21-69b5-295f-a3ac-9828fb5ff1b9","16.000000","16.000000",,,,"2026-05-15 22:37:07.69608+00"
"289854bf-fd87-de56-03f4-b337fcc86e85","91092275-477e-143c-994d-2ab83d4549b0","2420f03a-abf1-6068-18a7-5b47f1a38ff6","615.000000","615.000000",,,,"2026-05-16 22:20:58.701603+00"
"2e38007a-f54d-38c3-be43-2ee8788fd8fb","91092275-477e-143c-994d-2ab83d4549b0","6e9a8d35-1435-6103-b258-879e4292c330","205.000000","205.000000",,,,"2026-05-16 22:20:58.701603+00"
"5cc32a40-391e-8b29-b422-0b5a57d2c698","91092275-477e-143c-994d-2ab83d4549b0","bfc68c9d-e9c1-39a0-3366-bb41b539545b","410.000000","410.000000",,,,"2026-05-16 22:20:58.701603+00"
"850ee8bf-ab67-7df4-af73-44af7f7b848d","91092275-477e-143c-994d-2ab83d4549b0","b9ccf633-94c3-960c-308b-17495c79cfae","200.000000","200.000000",,,,"2026-05-16 22:20:58.701603+00"
"1eb17cdc-c3f3-ca74-670e-dec365f1da20","dc3f5c80-be4f-4d72-54a0-2c65451f278e","c8994d1a-3fb9-b570-3891-694ea0430304","10.000000","10.000000",,,,"2026-05-18 17:39:57.701984+00"
"661f612a-08b0-cd11-40b7-3dad58aef87f","0b7451d8-e014-3d43-e5ac-4e4a7d96bf94","55ef07ac-f174-35d4-4a1d-f18abacd192e","20.000000","20.000000",,,,"2026-05-18 17:48:10.921436+00"
"8fbdb44e-ccf5-c4c3-f102-a2ccfa2a65cd","dc3f5c80-be4f-4d72-54a0-2c65451f278e","55ef07ac-f174-35d4-4a1d-f18abacd192e","20.000000","20.000000",,,,"2026-05-18 17:49:19.750029+00"
"1f859010-dadc-639a-c7d7-0be0f833e8af","bd419d5e-ad93-259f-8c76-f7bd81390bc9","50541035-460f-a909-6f1c-43a2dfe2a1a5","40.000000","40.000000",,,,"2026-05-18 22:42:50.536065+00"
"38c62ace-0e73-cb7e-5efa-f7027b933022","bd419d5e-ad93-259f-8c76-f7bd81390bc9","2130e90d-7e9c-302b-285b-90501ac7bead","12.000000","12.000000",,,,"2026-05-18 22:42:50.536065+00"
"85827150-41e4-dfe3-d569-df4619765cd0","bd419d5e-ad93-259f-8c76-f7bd81390bc9","22e69ece-f6af-d204-3b81-511e4af16910","12.000000","12.000000",,,,"2026-05-18 22:42:50.536065+00"
"7770a96e-e5f3-e787-3b03-36a7528df988","bd419d5e-ad93-259f-8c76-f7bd81390bc9","45b4e2a5-bcab-8904-287e-ab9b576281a7","20.000000","20.000000",,,,"2026-05-18 22:42:50.536065+00"
"2766ead2-bd7a-deab-9c93-02ae7be29573","bd419d5e-ad93-259f-8c76-f7bd81390bc9","55ef07ac-f174-35d4-4a1d-f18abacd192e","20.000000","20.000000",,,,"2026-05-18 22:43:35.723434+00"
"d11a14b7-240d-9032-ca5a-6252a4cb71f4","bd419d5e-ad93-259f-8c76-f7bd81390bc9","1e904f4f-5f18-cd03-dab9-9f1cd8fbe7f5","16.000000","16.000000",,,,"2026-05-18 22:47:25.279772+00"
"49d6325b-0474-1f27-64a9-f0c68c58703d","bd419d5e-ad93-259f-8c76-f7bd81390bc9","5300c070-ab98-b593-9b34-7b53b47e4299","16.000000","16.000000",,,,"2026-05-18 22:47:25.279772+00"
"10b82f9f-fd18-363d-b4ef-7bb7cf3ad994","bd419d5e-ad93-259f-8c76-f7bd81390bc9","2420f03a-abf1-6068-18a7-5b47f1a38ff6","410.000000","410.000000",,,,"2026-05-18 22:52:38.158364+00"
"36756a19-124d-3b04-49bc-088f8db4f467","bd419d5e-ad93-259f-8c76-f7bd81390bc9","3941069c-7b70-88b9-e0ba-4fd4a2d16b6d","205.000000","205.000000",,,,"2026-05-18 22:52:38.158364+00"
"a6e2e22a-5fa1-4f84-53bd-b01b013cf8e3","bd419d5e-ad93-259f-8c76-f7bd81390bc9","59f308b3-f2be-6e09-e307-ff5ebfbd89bf","20.000000","20.000000",,,,"2026-05-18 22:53:16.708974+00"
"7e1b6c8a-b1ee-1c41-dc0b-e11dd8827fe9","bd419d5e-ad93-259f-8c76-f7bd81390bc9","91a20528-5608-bf04-e5b7-e195d97f5542","20.000000","20.000000",,,,"2026-05-18 22:56:11.198265+00"
"83a1b75c-2aec-0ee7-2cfb-4244d59c30e5","8e6671b7-e877-4704-fe75-7395175c877f","0f97b443-71d5-9b50-2d9d-edfea3df85d8","5.000000",,,,,"2026-05-18 23:16:16.378435+00"
"db9dfaea-932b-2b90-a7d1-dbb88a311cbf","8e6671b7-e877-4704-fe75-7395175c877f","0f957d22-a9bc-b4fb-b50e-60ec102643fd","10.000000",,,,,"2026-05-18 23:16:16.378435+00"
"eea21fdb-e114-ae78-ae00-f23ac2e90040","8e6671b7-e877-4704-fe75-7395175c877f","a2831255-2bb3-0034-dc89-fc654cf6057c","15.000000",,,,,"2026-05-18 23:16:16.378435+00"
"3cb8b4d1-29fe-44b3-a7b0-5a0e498bc915","8e6671b7-e877-4704-fe75-7395175c877f","e40431a1-279d-94f3-2e89-ed2b26681f9f","5.000000",,,,,"2026-05-18 23:16:16.378435+00"
"7792d9dc-2ee1-4d39-083a-e6fa6f49ea3f","8e6671b7-e877-4704-fe75-7395175c877f","673fcb75-ce5f-1199-4727-469aadbcb2a9","12.000000",,,,,"2026-05-18 23:16:16.378435+00"
"c9614358-05ac-2a77-7772-4229ecc6556f","8e6671b7-e877-4704-fe75-7395175c877f","b395cbf5-607b-2428-5cf6-b4c8392741e1","5.000000",,,,,"2026-05-18 23:16:16.378435+00"
"aa2d80ad-3c02-1ad2-0997-392cb26129e9","8e6671b7-e877-4704-fe75-7395175c877f","5a84ff57-c2c5-85e7-a1f3-24b5bd927945","5.000000",,,,,"2026-05-18 23:16:16.378435+00"
"c1591a78-2a6b-47ca-f8c3-4d4862caa3a7","0b7451d8-e014-3d43-e5ac-4e4a7d96bf94","3941069c-7b70-88b9-e0ba-4fd4a2d16b6d","410.000000","410.000000",,,,"2026-05-19 16:31:08.669819+00"
"9280988a-6cad-5208-4cab-0dc4503e2db2","0b7451d8-e014-3d43-e5ac-4e4a7d96bf94","50541035-460f-a909-6f1c-43a2dfe2a1a5","20.000000","20.000000",,,,"2026-05-19 16:32:14.80572+00"
"6ba52e9c-dd30-2842-a136-953dd3c6342a","0b7451d8-e014-3d43-e5ac-4e4a7d96bf94","5300c070-ab98-b593-9b34-7b53b47e4299","16.000000","16.000000",,,,"2026-05-19 16:38:38.101086+00"
"b2257c93-3b95-ce1a-fedc-f6cd03645999","c2da5099-d44d-c5ff-1b9c-cfacace6a843","36f1743a-31d9-3c43-db35-5d4fd58e77c3","15.000000","15.000000",,,,"2026-05-21 19:53:58.789192+00"
"5067f384-36cd-2e62-6e8c-cdd553e2d2c7","c2da5099-d44d-c5ff-1b9c-cfacace6a843","6ef96cf7-225f-fb83-7f60-9cb24de73a0a","10.000000",,,,,"2026-05-21 19:53:58.789192+00"
"43dca4bd-05c3-a8c8-7abb-ed2918724857","c2da5099-d44d-c5ff-1b9c-cfacace6a843","49f6afdd-6e6d-e528-e465-f84473c7e86e","25.000000",,,,,"2026-05-21 19:53:58.789192+00"
"d74d6f27-3bf0-c1bb-ab4e-1b562222a342","c2da5099-d44d-c5ff-1b9c-cfacace6a843","e9cc97eb-5d38-65a3-eb1b-57766bcb8ac1","5.000000","5.000000",,,,"2026-05-21 19:53:58.789192+00"
"f1db59d8-f57b-bf52-948b-fa1b103316af","c2da5099-d44d-c5ff-1b9c-cfacace6a843","f78f3201-f0fa-32b8-e429-95c3553d7836","10.000000",,,,,"2026-05-21 19:53:58.789192+00"
"3bce7995-7e03-0b9e-7c53-b82d985e66f5","c2da5099-d44d-c5ff-1b9c-cfacace6a843","28f3ac88-911b-5ac3-de2b-74a48132d7ca","5.000000",,,,,"2026-05-21 20:02:30.168613+00"
"1aba1ef6-ddb6-df4e-cf93-7fe09f21c94f","c2da5099-d44d-c5ff-1b9c-cfacace6a843","125358af-4493-bdfa-f346-8cd7ccb54d21","10.000000","10.000000",,,,"2026-05-22 15:35:01.071279+00"
"52611b22-c096-5341-8b37-862e49e55f86","c2da5099-d44d-c5ff-1b9c-cfacace6a843","3844e2f8-2686-c5a3-57be-a731640d7e29","15.000000","15.000000",,,,"2026-05-22 15:54:14.962465+00"
"09b993c7-502d-4da7-a4e5-aa4fbc3d3f6c","c2da5099-d44d-c5ff-1b9c-cfacace6a843","55613c9d-4dc8-ecd2-4304-21354ad6b7a6","15.000000","15.000000",,,,"2026-05-22 16:10:07.097811+00"
"12913a44-6cef-23dc-d7df-49b759389dec","c2da5099-d44d-c5ff-1b9c-cfacace6a843","fec0fd2d-4abe-60c2-0111-1a536d638954","10.000000","10.000000",,,,"2026-05-22 16:43:54.406217+00"
"ee1f9ea3-e0d1-b7ff-8c6f-90bb21f9e27f","c2da5099-d44d-c5ff-1b9c-cfacace6a843","6d909755-3f97-81c7-5644-18484151d3b0","5.000000","5.000000",,,,"2026-05-22 16:43:54.406217+00"
"b49f7af1-b739-9c29-74e4-27f1a6c30bec","c2da5099-d44d-c5ff-1b9c-cfacace6a843","f3a7de1f-a0df-f528-2287-796d1ed12f66","5.000000","5.000000",,,,"2026-05-22 16:43:54.406217+00"
"3fdae3e9-fb0f-a7e9-2973-2972676667a5","c2da5099-d44d-c5ff-1b9c-cfacace6a843","6d507129-5833-867e-16b0-d1352d9ee651","5.000000",,,,,"2026-05-22 16:43:54.406217+00"
"81fd99c2-4b04-3b9a-2a6a-2524acb7111c","c2da5099-d44d-c5ff-1b9c-cfacace6a843","e283f335-28b3-12a7-e746-60590b1e6952","5.000000","5.000000",,,,"2026-05-22 16:43:54.406217+00"
"eb831d78-0831-1c2c-de1a-59e15bbd0114","c2da5099-d44d-c5ff-1b9c-cfacace6a843","0ae7c977-501a-0a1b-1735-e00dc21d273f","5.000000","5.000000",,,,"2026-05-22 16:47:42.207899+00"
"ec8fdbd5-c693-decf-5ffc-7ca7185b0f03","c2da5099-d44d-c5ff-1b9c-cfacace6a843","921ed4cc-c59f-a84f-83cb-6e805397182d","25.000000","25.000000",,,,"2026-05-22 20:44:41.878732+00"
"43cf2008-02fd-1605-10f5-2c5e4a9e7b02","c2da5099-d44d-c5ff-1b9c-cfacace6a843","149fe56e-8191-7ce7-06f0-e27925c6b27b","15.000000",,,,,"2026-05-22 20:45:40.80722+00"
"f29fe5cf-4f17-b5f9-1088-c1f3b0629625","32c6135f-9e49-e9c3-18d1-188faa1dd0b9","6449d922-5ec6-a0ef-1adc-291309e247a1","5.000000",,,,,"2026-05-22 21:03:13.278548+00"
"7be64f4e-79b8-c129-d060-de1f52935f35","32c6135f-9e49-e9c3-18d1-188faa1dd0b9","ba5eb6bd-3e45-bb6c-f96f-b623566cfaa9","5.000000",,,,,"2026-05-22 21:03:13.278548+00"
"714367d8-f8cf-fb0a-b02c-4e2e9a03d4cb","908cc96b-bb62-3782-0005-03a5d2072d62","ba7bc0be-e192-f5d6-58ae-09a3cf5b9708","10.000000",,,,,"2026-05-22 21:03:41.043475+00"
"d192818c-9d03-75db-c849-8d7b0c6b0edd","908cc96b-bb62-3782-0005-03a5d2072d62","6415f5e0-4309-d52b-ce86-191d661afe76","5.000000",,,,,"2026-05-22 21:04:24.006549+00"
"fa9090e9-940a-75f6-e51f-cd44a74961f9","908cc96b-bb62-3782-0005-03a5d2072d62","9b591170-f943-2713-9e76-648712af9f75","5.000000",,,,,"2026-05-22 21:06:20.33928+00"
"fca18a2b-6ba8-db25-3d63-28327e6c3314","908cc96b-bb62-3782-0005-03a5d2072d62","217f3808-fab6-6522-7001-3ed8fc813c60","5.000000",,,,,"2026-05-22 21:11:40.129569+00"
"6c0963b4-5bf3-8c1c-5f01-6723abebece5","32c6135f-9e49-e9c3-18d1-188faa1dd0b9","788262c4-5af6-2248-524d-bf8e66d3402e","5.000000",,,,,"2026-05-22 21:13:18.598407+00"
"cd775af7-1166-2c03-3b48-169d352749f9","c2da5099-d44d-c5ff-1b9c-cfacace6a843","14146b40-d3ae-32be-5a00-4ebe5c55f0eb","8.000000","8.000000",,,,"2026-05-25 13:43:49.821994+00"
"9b44ac1d-a189-aae3-6c78-925cda12ba1c","c2da5099-d44d-c5ff-1b9c-cfacace6a843","ffdde708-a45f-c004-8f38-8cce466e76c2","5.000000","5.000000",,,,"2026-05-25 13:43:49.821994+00"
"9c0c7045-4ebb-5650-13aa-296037348d9d","c2da5099-d44d-c5ff-1b9c-cfacace6a843","e50cbcd2-21bd-cf25-9d72-cdae252d99f8","5.000000",,,,,"2026-05-25 13:43:49.821994+00"
"a7ea7516-c1cb-7376-25c3-298718794233","c2da5099-d44d-c5ff-1b9c-cfacace6a843","cc1737f0-8a46-9470-60af-84de581efebd","5.000000",,,,,"2026-05-25 14:06:08.398934+00"
"5fa4173f-4dde-e38d-906b-5642985b2af9","c2da5099-d44d-c5ff-1b9c-cfacace6a843","a3f8437b-0729-81e3-d5da-d98c093938cc","6.000000",,,,,"2026-05-25 14:06:08.398934+00"
"3053a9e6-af3e-fda8-ae14-16368f60e2dc","c2da5099-d44d-c5ff-1b9c-cfacace6a843","25d81377-e209-75f9-cda1-0071c24098da","6.000000",,,,,"2026-05-25 14:06:08.398934+00"
"24595146-54e2-bd8b-cf1f-1e44d23e72fc","c2da5099-d44d-c5ff-1b9c-cfacace6a843","1c0a46b4-d8f3-6eae-f18e-475824a797db","5.000000","5.000000",,,,"2026-05-25 14:06:08.398934+00"
"222d734a-7b9e-21c2-0b61-a22b33bfb124","c2da5099-d44d-c5ff-1b9c-cfacace6a843","8a0b9814-c7b6-c0dd-2bcc-095144a9d170","6.000000",,,,,"2026-05-25 14:06:08.398934+00"
"5ed9a5f4-353a-8825-8fb4-b27012a12785","c2da5099-d44d-c5ff-1b9c-cfacace6a843","15929cd5-d391-3d79-af87-22b81b401e36","10.000000","10.000000",,,,"2026-05-25 14:06:08.398934+00"
"970abb9a-7ede-8e03-7e89-56cf3274348d","c2da5099-d44d-c5ff-1b9c-cfacace6a843","c8e41b2c-3a38-643f-dd6d-4c0f6e7b14b1","6.000000","6.000000",,,,"2026-05-25 14:06:08.398934+00"
"aae81cbb-dc9e-8931-e406-3c315d23d9f9","c2da5099-d44d-c5ff-1b9c-cfacace6a843","36d1deb1-7c16-3126-9b45-0c95dff17700","5.000000","5.000000",,,,"2026-05-25 14:06:08.398934+00"
"4c26b801-23db-879d-6d19-4fc24e9a5dd3","32c6135f-9e49-e9c3-18d1-188faa1dd0b9","24e8ddcd-4bb1-52f4-5939-ead9fa75d406","5.000000",,,,,"2026-05-25 14:56:28.305094+00"
"d6339746-8a72-2fa0-635f-f072e6e4a216","aa53ac77-e75a-d1e7-8e34-6a5a236ff13a","8cbf4f69-6878-9ea5-080a-9769cc8a97d6","10.000000",,,,,"2026-05-27 19:43:02.577853+00"
"0e60abdc-ce5f-be22-e15e-b0009f5108a6","aa53ac77-e75a-d1e7-8e34-6a5a236ff13a","94637a55-4bb3-43d9-1041-6a2a8f689edc","10.000000",,,,,"2026-05-27 19:43:02.577853+00"
"99d79cba-25b4-5a60-0fae-cc7d96d0d171","aa53ac77-e75a-d1e7-8e34-6a5a236ff13a","1c260739-b31e-320e-a9a1-a4933dc5779f","10.000000",,,,,"2026-05-27 19:43:02.577853+00"
"f8ad52ca-8ecd-047f-a1d4-866edd7603f9","aa53ac77-e75a-d1e7-8e34-6a5a236ff13a","0e1190c6-9ae7-8f6a-0056-ad8779f01d49","8.000000",,,,,"2026-05-27 19:43:02.577853+00"
"86b41529-bc17-faf2-8587-edebbd63afc6","aa53ac77-e75a-d1e7-8e34-6a5a236ff13a","a2b185b2-7f85-253c-fe0c-87b48945c38b","10.000000",,,,,"2026-05-27 19:43:02.577853+00"
"0268eaa7-854e-cd54-2bd8-cb8edb6a4825","aa53ac77-e75a-d1e7-8e34-6a5a236ff13a","39404623-9ffa-43fc-1b56-f44141fd3c99","4.000000",,,,,"2026-05-27 19:43:02.577853+00"
"4e602ba4-ffc5-f6b9-b420-998afb6c6276","aa53ac77-e75a-d1e7-8e34-6a5a236ff13a","d372a595-80bb-0d81-3366-1a4fa8fe7f91","3.000000",,,,,"2026-05-27 19:43:02.577853+00"
"04f491fd-c04c-45a1-0c0a-5c62865550a3","aa53ac77-e75a-d1e7-8e34-6a5a236ff13a","471df903-4d44-1bb6-7a21-f2df9b437ac4","3.000000",,,,,"2026-05-27 19:43:02.577853+00"
"7c51ce36-f7cd-726d-82eb-2e474d676e1e","aa53ac77-e75a-d1e7-8e34-6a5a236ff13a","c51593dd-feed-bd91-ba39-85e169983738","5.000000",,,,,"2026-05-27 19:43:02.577853+00"
"ddf3e3b4-6cbc-7a73-1051-94d26a9efede","aa53ac77-e75a-d1e7-8e34-6a5a236ff13a","707aa33e-10c7-f5cd-994a-b96adf363c2d","4.000000",,,,,"2026-05-27 19:52:44.344853+00"
"0b588eb2-b121-c0e0-4f58-a0ab42bb408c","aa53ac77-e75a-d1e7-8e34-6a5a236ff13a","0c316715-6166-c064-4837-aed69fb4ecfe","5.000000",,,,,"2026-05-27 19:52:44.344853+00"
"6d105366-150c-d10a-b573-7e081b1e6397","aa53ac77-e75a-d1e7-8e34-6a5a236ff13a","00b5942f-9536-42c7-8b17-d432ecba1b95","3.000000",,,,,"2026-05-27 19:52:44.344853+00"
"efb52739-9891-e7a6-c68f-25e566e64c5d","aa53ac77-e75a-d1e7-8e34-6a5a236ff13a","a83af7c6-ec78-335b-24bc-8c5f583925e0","5.000000",,,,,"2026-05-27 19:52:44.344853+00"
"e6dae510-1374-315f-1e8b-1ba691fc4225","aa53ac77-e75a-d1e7-8e34-6a5a236ff13a","3844e2f8-2686-c5a3-57be-a731640d7e29","6.000000",,,,,"2026-05-27 20:13:39.285167+00"
"25e181f1-d3ee-6aa6-571e-32eb4b33a2dc","aa53ac77-e75a-d1e7-8e34-6a5a236ff13a","4c0c1c5b-444f-f874-a15c-cc425e3b402d","10.000000",,,,,"2026-05-27 20:13:39.285167+00"
"e0289eab-6404-6488-62fa-ad5806599073","aa53ac77-e75a-d1e7-8e34-6a5a236ff13a","5b911817-d9c1-84c3-af36-2d753195005f","5.000000",,,,,"2026-05-27 20:13:39.285167+00"
"56792c5e-67b9-bbd9-611f-95965c938d06","aa53ac77-e75a-d1e7-8e34-6a5a236ff13a","2fbbe9c9-49ee-879d-d6ce-276cf9b3353d","12.000000",,,,,"2026-05-27 20:13:39.285167+00"
"2c10004c-7114-0840-4018-b1ed3fcaa1c7","aa53ac77-e75a-d1e7-8e34-6a5a236ff13a","87d326d9-c1f9-387f-266e-216a5dad75c0","6.000000",,,,,"2026-05-27 20:13:39.285167+00"
"efe36803-db39-b813-c790-6d934bf76e36","aa53ac77-e75a-d1e7-8e34-6a5a236ff13a","87cd719a-a432-83a6-77b7-9d5e5cfe1e82","5.000000",,,,,"2026-05-27 20:13:39.285167+00"
"0381b8a8-d038-553b-2684-0290679775f8","aa53ac77-e75a-d1e7-8e34-6a5a236ff13a","da36178b-e761-2a55-71d7-ba25f1c6dd97","4.000000",,,,,"2026-05-27 20:13:39.285167+00"
"791ee03d-d39d-2ab8-2d4a-0853d93933e4","aa53ac77-e75a-d1e7-8e34-6a5a236ff13a","52d60990-e5be-536a-aa58-21c642639a0a","10.000000",,,,,"2026-05-27 20:13:39.285167+00"
"d13d8a53-85bf-8cce-68c3-e18ab750e44a","aa53ac77-e75a-d1e7-8e34-6a5a236ff13a","b987492d-7d2d-b902-1e99-cc46a96463b4","4.000000",,,,,"2026-05-27 20:13:39.285167+00"
"70977978-7494-6be9-09cb-1be2bbceb815","aa53ac77-e75a-d1e7-8e34-6a5a236ff13a","96b3b960-ce7c-cd23-1418-0f6ef5ef17e6","5.000000",,,,,"2026-05-27 20:13:39.285167+00"
"270beb62-ca6b-13a5-7055-718eee862f67","aa53ac77-e75a-d1e7-8e34-6a5a236ff13a","df58066a-9919-ee3e-8707-a1d985e5359d","5.000000",,,,,"2026-05-27 20:13:39.285167+00"
"56ae9da3-74b2-520a-d356-d7abb90b26cb","aa53ac77-e75a-d1e7-8e34-6a5a236ff13a","55f5e129-d03f-600b-7bf1-d19651eb3574","5.000000",,,,,"2026-05-27 20:13:39.285167+00"
"e9b93994-5cce-b18d-6cb8-265acf5d5394","aa53ac77-e75a-d1e7-8e34-6a5a236ff13a","15b1861b-c5fd-e7bc-aca2-b080bd1d6c77","4.000000",,,,,"2026-05-27 20:19:16.39067+00"
"be40bd83-cbd8-9adf-c390-76116df69bbc","8e6671b7-e877-4704-fe75-7395175c877f","ca54617e-a91d-44fb-e32b-ef7de53048b4","10.000000",,,,,"2026-05-27 20:37:27.768988+00"
"8c52b12d-1565-17be-7a2a-d6fbcee2f6fe","8e6671b7-e877-4704-fe75-7395175c877f","ef65054b-0378-7cc0-0a42-5e7a2a1586a1","2.000000",,,,,"2026-05-27 21:10:04.173485+00"
"cf38c8d5-d8f5-75e5-839e-dbb3d61b894e","8e6671b7-e877-4704-fe75-7395175c877f","c19a8582-d73c-631b-a412-69c7d55f55dd","8.000000",,,,,"2026-05-27 21:10:04.173485+00"
"62dc3f75-bc26-300f-7054-f4f59fad3a69","8e6671b7-e877-4704-fe75-7395175c877f","5443e675-c6a6-2a52-da2b-ac1cad65c7f2","8.000000",,,,,"2026-05-27 21:10:04.173485+00"
"a0e24754-d2e3-bbc0-7799-b281a1e1efc4","8e6671b7-e877-4704-fe75-7395175c877f","eef84cdd-e782-64c8-2e63-0db3ebb98aa1","9.000000",,,,,"2026-05-27 21:10:04.173485+00"
"ff43de62-e20e-9585-073d-6c5e5008c907","8e6671b7-e877-4704-fe75-7395175c877f","865a2b65-ae9c-3be0-2341-db85a869a867","9.000000",,,,,"2026-05-27 21:10:04.173485+00"
"895da1b6-83e6-afcc-460e-55e51fb051fb","8e6671b7-e877-4704-fe75-7395175c877f","21127c0b-2780-ded7-9ce6-1059209af293","24.000000",,,,,"2026-05-27 21:10:04.173485+00"
"e82fb0b6-1f88-311d-242f-7e41c3bdb40e","8e6671b7-e877-4704-fe75-7395175c877f","fcb77655-301b-b67e-218f-00a4ff2e8220","10.000000",,,,,"2026-05-27 21:10:04.173485+00"
"e331f039-e972-5a36-e5f0-933b0d9d7a67","8e6671b7-e877-4704-fe75-7395175c877f","052f7fda-b5aa-acbd-c7b2-cec79ba0ccd0","6.000000",,,,,"2026-05-27 21:10:04.173485+00"
"91289eca-6b26-0306-ee64-8a885cdedeca","8e6671b7-e877-4704-fe75-7395175c877f","87dc7688-86d6-7e0d-fc3f-d27abd1429e4","6.000000",,,,,"2026-05-27 21:10:04.173485+00"
"4cb7ed22-bd04-9504-8a0b-d1078681d8e6","8e6671b7-e877-4704-fe75-7395175c877f","ab914dd0-1cac-be4b-cde8-b388f61611a5","10.000000",,,,,"2026-05-27 21:10:04.173485+00"
"3e15c51f-b881-e204-72b3-74f3c06521e0","8e6671b7-e877-4704-fe75-7395175c877f","a3aec412-68ab-d11f-12b3-75f944a3603b","8.000000",,,,,"2026-05-27 21:15:38.137692+00"
"0829a596-0d7d-e31f-986c-31ee4ea6922e","8e6671b7-e877-4704-fe75-7395175c877f","f4455f0a-7796-88ba-6050-f3c680b4269a","24.000000",,,,,"2026-05-27 21:15:38.137692+00"
"f322fe1b-c406-c3ce-796c-a95c6c13a97a","d2692a9a-cd38-6c63-7ca8-41f0832627e1","03e26006-d289-09c9-d3a1-06bdec5743f3","40.000000",,,,,"2026-05-28 14:48:25.932874+00"
"e968d179-4fa5-8dba-178f-4f881fadf60d","d2692a9a-cd38-6c63-7ca8-41f0832627e1","59f308b3-f2be-6e09-e307-ff5ebfbd89bf","40.000000",,,,,"2026-05-28 14:48:25.932874+00"
"5aea65ed-8dd6-3f4f-fd46-b70fca0416f6","d2692a9a-cd38-6c63-7ca8-41f0832627e1","211b2e9e-d71a-7aa9-11b8-bd41d91027da","40.000000",,,,,"2026-05-28 14:48:25.932874+00"
"a7abbd0c-d157-c5c1-0fa9-f75a823f8a2f","d2692a9a-cd38-6c63-7ca8-41f0832627e1","5300c070-ab98-b593-9b34-7b53b47e4299","20.000000",,,,,"2026-05-28 14:48:25.932874+00"
"f6efbaf6-6f07-a608-688c-0a76d2113570","d2692a9a-cd38-6c63-7ca8-41f0832627e1","fd81df13-84a1-c458-1332-961d8bcaa551","20.000000",,,,,"2026-05-28 14:48:25.932874+00"
"da058575-47f9-e9a2-3825-bd08edb7780d","aa53ac77-e75a-d1e7-8e34-6a5a236ff13a","921ed4cc-c59f-a84f-83cb-6e805397182d","8.000000",,,,,"2026-05-28 15:17:10.615242+00"
"6b62a887-505d-aed6-b5bb-8cf1510127df","32c6135f-9e49-e9c3-18d1-188faa1dd0b9","4c07e541-707e-e50d-cb62-a3d2f3fad983","5.000000",,,,,"2026-05-28 16:02:17.459507+00"
"ff6f3811-252e-f0f9-8df7-a2f8049362f8","aa53ac77-e75a-d1e7-8e34-6a5a236ff13a","c246805f-012b-9eb3-8baf-c45e9502f47a","5.000000",,,,,"2026-05-28 22:19:11.080483+00"
"67e4e421-f821-71a7-7469-31ad81aa2758","aa53ac77-e75a-d1e7-8e34-6a5a236ff13a","082d3dc0-0d89-95d9-7bc0-9ffcef9ac599","5.000000",,,,,"2026-05-29 00:39:55.836229+00"
"6a94c098-bdcb-c0f9-76fb-3497a6793fee","aa53ac77-e75a-d1e7-8e34-6a5a236ff13a","b55d665d-f471-764d-5eff-666916164c62","6.000000",,,,,"2026-05-29 14:22:33.662909+00"
"28f8829b-890c-57c9-0e75-7c9bcee1456b","aa53ac77-e75a-d1e7-8e34-6a5a236ff13a","58c55d93-5eae-5bd0-069b-adc7ba0895df","5.000000",,,,,"2026-05-29 14:22:33.662909+00"
"5371c8a4-5aa1-e2c1-0b51-bff695775761","aa53ac77-e75a-d1e7-8e34-6a5a236ff13a","b1ea83c3-eaaa-9e42-52c3-ce86e62fa59a","5.000000",,,,,"2026-05-29 14:24:05.8206+00"
"665ecd53-a996-2b3a-97c9-e5f1860b11fe","aa53ac77-e75a-d1e7-8e34-6a5a236ff13a","0a37405e-1dd4-7935-2a15-9c0678ac5e8b","5.000000",,,,,"2026-05-29 15:01:49.480769+00"
"ed2e21f3-c4a2-4aaa-a08d-695963ec7efd","aa53ac77-e75a-d1e7-8e34-6a5a236ff13a","f463a0e1-a82a-0389-dde9-75fa6e1fb513","3.000000",,,,,"2026-05-29 16:29:45.31739+00"
"aace531e-1fda-25a8-340f-edc195601fa9","aa53ac77-e75a-d1e7-8e34-6a5a236ff13a","d74f9e92-43fe-3484-0824-42244c00547d","2.000000",,,,,"2026-05-29 17:15:37.425353+00"
"1661b657-bb5e-0310-0745-d37d3d9da543","aa53ac77-e75a-d1e7-8e34-6a5a236ff13a","72ae10a5-ac6a-83da-b927-3798843a1616","3.000000",,,,,"2026-05-30 15:34:08.879132+00"
"7f65040a-2e7e-9861-fa94-95dc277446aa","aa53ac77-e75a-d1e7-8e34-6a5a236ff13a","0dfcae6c-bfdd-8b5d-78d2-63e19b3f3173","4.000000",,,,,"2026-05-30 21:41:07.633801+00"
"55fce73a-743b-e728-736f-3cecaf4cd017","8e6671b7-e877-4704-fe75-7395175c877f","aa0df3e3-5471-5634-4006-ed638e88fb64","4.000000",,,,,"2026-06-01 17:34:00.917024+00"
"d8ba2e45-7320-b40b-1f9d-4b1dae2142ae","8e6671b7-e877-4704-fe75-7395175c877f","8a574d84-5b8b-627f-ae10-35bdbc685e0f","4.000000",,,,,"2026-06-01 19:50:21.350541+00"
"772ba8d1-8bb6-793e-56e1-5ab10bfd8e2e","d2692a9a-cd38-6c63-7ca8-41f0832627e1","67e7ac77-ed09-4b55-d97c-f886a11d1e77","6.000000",,,,,"2026-06-02 14:25:48.96018+00"
"5500bd27-4aa2-45c5-0398-ec3bfbf5eed1","d2692a9a-cd38-6c63-7ca8-41f0832627e1","1f4d8446-0f45-3ae1-a802-5549dd4ec193","6.000000",,,,,"2026-06-02 14:26:37.471608+00"
"c28dee0d-1c70-0bdf-08ba-724ebc683bd6","d2692a9a-cd38-6c63-7ca8-41f0832627e1","0c87fc0d-79c0-1441-4504-43c716198a20","6.000000",,,,,"2026-06-02 14:54:44.646619+00"
"058bf98e-c316-04d0-eba0-71a4de370a82","d2692a9a-cd38-6c63-7ca8-41f0832627e1","ff12e6dc-066f-220c-8be7-2fa6dafcc01b","6.000000",,,,,"2026-06-02 14:54:44.646619+00"
"eaa4ea49-88f1-8ca4-a7d7-aa5e699fc305","d2692a9a-cd38-6c63-7ca8-41f0832627e1","083e51c8-5d0d-558c-2371-ba6e77a04961","6.000000",,,,,"2026-06-02 14:54:44.646619+00"
"721b0ddd-ede7-b6d1-1a72-5df00b15381e","d2692a9a-cd38-6c63-7ca8-41f0832627e1","47cc550b-8d2f-e55e-be01-1b1e237a2d55","205.000000",,,,,"2026-06-02 14:56:02.306059+00"
"848de2cf-eab4-e65c-27dc-06e0274f0434","d2692a9a-cd38-6c63-7ca8-41f0832627e1","771f615e-f4c8-b313-3d60-432b02f198d4","20.000000",,,,,"2026-06-03 14:57:55.268528+00"
"ed4fbc4a-ad8c-e42b-4a71-78844117873f","37807e62-9f16-3139-1a4a-54445e9c9d6c","2420f03a-abf1-6068-18a7-5b47f1a38ff6","615.000000",,,,,"2026-06-04 00:11:24.151996+00"
"a6d4aa0e-1e3f-dbce-acb0-9274dbc001ae","405b3cfb-3cc9-63a2-2484-767d16505faa","012deb21-69b5-295f-a3ac-9828fb5ff1b9","40.000000",,,,,"2026-06-09 21:51:37.567772+00"
"ad379a88-0a27-52f9-0fa7-9488761b83e8","405b3cfb-3cc9-63a2-2484-767d16505faa","fd81df13-84a1-c458-1332-961d8bcaa551","40.000000",,,,,"2026-06-09 21:51:37.567772+00"
"82cea4f3-de4a-522d-527c-17e2fad23579","405b3cfb-3cc9-63a2-2484-767d16505faa","03e26006-d289-09c9-d3a1-06bdec5743f3","40.000000",,,,,"2026-06-09 21:51:37.567772+00"
"51aa49d3-f61e-7b97-fb09-cffca77f014b","405b3cfb-3cc9-63a2-2484-767d16505faa","59f308b3-f2be-6e09-e307-ff5ebfbd89bf","40.000000",,,,,"2026-06-09 21:51:37.567772+00"
"31433708-96f5-7fed-8086-2773f60981a2","405b3cfb-3cc9-63a2-2484-767d16505faa","211b2e9e-d71a-7aa9-11b8-bd41d91027da","20.000000",,,,,"2026-06-09 21:51:37.567772+00"
"cc0c8fd6-1118-d327-36c0-a35d23e0b2e9","405b3cfb-3cc9-63a2-2484-767d16505faa","5300c070-ab98-b593-9b34-7b53b47e4299","20.000000",,,,,"2026-06-09 21:51:37.567772+00"
"5ba0baf4-951a-518b-1389-6c6629c44b11","405b3cfb-3cc9-63a2-2484-767d16505faa","1f4d8446-0f45-3ae1-a802-5549dd4ec193","12.000000",,,,,"2026-06-09 21:51:37.567772+00"
"5a5f39e4-03bb-0f2d-5614-64483c573f83","405b3cfb-3cc9-63a2-2484-767d16505faa","ff12e6dc-066f-220c-8be7-2fa6dafcc01b","12.000000",,,,,"2026-06-09 21:51:37.567772+00"
"8897fd3b-de7c-16da-2bcb-657703872c60","405b3cfb-3cc9-63a2-2484-767d16505faa","083e51c8-5d0d-558c-2371-ba6e77a04961","12.000000",,,,,"2026-06-09 21:51:37.567772+00"
"965fd114-29a6-b446-d5ef-0d99baa045bc","405b3cfb-3cc9-63a2-2484-767d16505faa","47cc550b-8d2f-e55e-be01-1b1e237a2d55","205.000000",,,,,"2026-06-09 21:51:37.567772+00"
"f3a0e0f4-c913-8469-616a-a2cc5ccfa8ab","405b3cfb-3cc9-63a2-2484-767d16505faa","771f615e-f4c8-b313-3d60-432b02f198d4","20.000000",,,,,"2026-06-09 21:51:37.567772+00"
"f09ad87b-240b-0282-c388-eede2dc1b81a","405b3cfb-3cc9-63a2-2484-767d16505faa","67e7ac77-ed09-4b55-d97c-f886a11d1e77","12.000000",,,,,"2026-06-09 21:51:37.567772+00"
"3ffda14a-ceb4-2cdc-d101-2ebf19dc5147","405b3cfb-3cc9-63a2-2484-767d16505faa","bd049eed-4a7e-e23e-5840-a97fe494a3c6","40.000000",,,,,"2026-06-09 21:51:37.567772+00"
"83b7d133-6934-a044-1cec-1d2be024ecf2","405b3cfb-3cc9-63a2-2484-767d16505faa","a558a4a2-659a-0335-c2ed-232c87995135","15.000000",,,,,"2026-06-09 21:51:37.567772+00"
"ed6b97b3-538f-6f71-8576-16bf60f9d35d","405b3cfb-3cc9-63a2-2484-767d16505faa","2420f03a-abf1-6068-18a7-5b47f1a38ff6","205.000000",,,,,"2026-06-10 14:45:38.693176+00"
"0ed1fe9c-ac4b-ffbc-46cf-1183708af1ce","405b3cfb-3cc9-63a2-2484-767d16505faa","b9ccf633-94c3-960c-308b-17495c79cfae","2051.000000",,,,,"2026-06-10 15:02:42.331246+00"
"7ebcc1ec-8db5-bf49-f9e3-8c8f3b04b826","4c73910b-f757-fb0d-8942-08329071b96f","8a574d84-5b8b-627f-ae10-35bdbc685e0f","6.000000",,,,,"2026-06-13 22:52:48.911063+00"
"b48c92be-0b28-7f04-f926-399207e7117a","4c73910b-f757-fb0d-8942-08329071b96f","515e2315-ad6a-8eb0-a3a7-5ad98737490c","50.000000",,,,,"2026-06-13 22:52:48.911063+00"
"b0b127d9-dbc2-15aa-4631-9e1b0c31a358","4c73910b-f757-fb0d-8942-08329071b96f","442de4e7-c290-fb35-4972-a68313c79694","12.000000",,,,,"2026-06-13 22:52:48.911063+00"
"8db4fee6-6e59-8f6a-b19f-bdefa2cefd3d","4c73910b-f757-fb0d-8942-08329071b96f","0ff84e2b-552d-8522-430f-eb20601a03f4","12.000000",,,,,"2026-06-13 23:08:20.964278+00"
"2ac03cd4-fd27-9522-2448-0df6d481b2e5","4c73910b-f757-fb0d-8942-08329071b96f","678a46fd-fb34-de46-396e-e551a29010be","6.000000",,,,,"2026-06-13 23:08:20.964278+00"
"71522a70-a2dc-48c4-ec71-0e5066e2417c","85105a43-f5b0-9126-f433-b6ea85d12ece","0dd85157-808c-5bf6-f863-c112330721e1","3.000000",,,,,"2026-06-18 21:32:39.844669+00"
"3dcf1035-84bd-7290-6b32-ebddd545d7df","85105a43-f5b0-9126-f433-b6ea85d12ece","c51593dd-feed-bd91-ba39-85e169983738","5.000000",,,,,"2026-06-18 21:32:39.844669+00"
"ef873674-e384-be8d-9c08-709815bbb66a","85105a43-f5b0-9126-f433-b6ea85d12ece","df58066a-9919-ee3e-8707-a1d985e5359d","4.000000",,,,,"2026-06-18 21:32:39.844669+00"
"9ce9e34f-7f01-6951-f359-3a54f70db3f7","85105a43-f5b0-9126-f433-b6ea85d12ece","471df903-4d44-1bb6-7a21-f2df9b437ac4","3.000000",,,,,"2026-06-18 21:32:39.844669+00"
"11634027-cddf-de75-f044-19103e94f155","85105a43-f5b0-9126-f433-b6ea85d12ece","bfb8f9b0-52bf-9783-d843-5e37dfd04290","6.000000",,,,,"2026-06-18 21:32:39.844669+00"
"526ba45a-2071-81ff-516a-2f29318ecfb1","85105a43-f5b0-9126-f433-b6ea85d12ece","29ef43a4-1d38-7745-3187-3e416e65f232","4.000000",,,,,"2026-06-18 21:32:39.844669+00"
"15acc0d4-c01d-b8dc-3d74-146e37a3cc20","85105a43-f5b0-9126-f433-b6ea85d12ece","6efe8ed3-f4dd-a284-3b68-146a497beb8c","10.000000",,,,,"2026-06-18 21:32:39.844669+00"
"500e989e-f143-3ae0-8c5d-3184df2b279e","85105a43-f5b0-9126-f433-b6ea85d12ece","a2b185b2-7f85-253c-fe0c-87b48945c38b","10.000000",,,,,"2026-06-18 21:32:39.844669+00"
"82d9f24f-4c23-f260-9bfb-c261643d475d","85105a43-f5b0-9126-f433-b6ea85d12ece","992b2387-28ea-94e2-a1ee-49e7202a2d28","3.000000",,,,,"2026-06-18 21:32:39.844669+00"
"47631d7d-2755-561d-437c-abcc975f9392","85105a43-f5b0-9126-f433-b6ea85d12ece","85527abe-41f5-c57c-8b59-4f5adfc9efa3","3.000000",,,,,"2026-06-18 21:32:39.844669+00"
"1da85dae-f83e-5a71-21eb-790ec5a92f86","85105a43-f5b0-9126-f433-b6ea85d12ece","58c55d93-5eae-5bd0-069b-adc7ba0895df","6.000000",,,,,"2026-06-18 21:32:39.844669+00"
"e70dd896-f10d-97c0-b007-d0d1b1c19e72","85105a43-f5b0-9126-f433-b6ea85d12ece","2165d770-7d6a-0266-2dfe-e7eeee6bb374","4.000000",,,,,"2026-06-18 21:32:39.844669+00"
"b018dbd1-d6c1-084f-30e6-e75c2fd3dd7b","85105a43-f5b0-9126-f433-b6ea85d12ece","09f0b44a-5bf8-e57e-7308-5554c676fee4","6.000000",,,,,"2026-06-18 21:32:39.844669+00"
"d23b2cc7-4089-bd68-0507-e86b1547b81d","85105a43-f5b0-9126-f433-b6ea85d12ece","2586789f-4f5e-10f1-1755-0dbc5773758b","5.000000",,,,,"2026-06-18 21:32:39.844669+00"
"e18758f2-f4a3-18d9-dc57-a8918641a5da","85105a43-f5b0-9126-f433-b6ea85d12ece","87d326d9-c1f9-387f-266e-216a5dad75c0","5.000000",,,,,"2026-06-18 21:32:39.844669+00"
"5d50b877-9697-12c5-e779-effe5bb476a0","85105a43-f5b0-9126-f433-b6ea85d12ece","002c37b7-e417-6641-9bc8-1e07d9531d0f","5.000000",,,,,"2026-06-18 21:32:39.844669+00"
"a5909465-aaa5-02a1-5137-33ff9d24093d","85105a43-f5b0-9126-f433-b6ea85d12ece","c6596671-a93b-6baf-1252-6b034351dadb","8.000000",,,,,"2026-06-18 21:32:39.844669+00"
"58543d45-0a72-4bdf-0fa2-7a6ded82b475","85105a43-f5b0-9126-f433-b6ea85d12ece","87cd719a-a432-83a6-77b7-9d5e5cfe1e82","6.000000",,,,,"2026-06-18 21:32:39.844669+00"
"24c06dc3-a0ab-6e02-958d-175d2494d41f","85105a43-f5b0-9126-f433-b6ea85d12ece","79485b6a-9f2f-05ce-4a02-78e4f484957a","5.000000",,,,,"2026-06-18 21:32:39.844669+00"
"175e05e7-483e-4f80-c036-cd933aebe1f8","85105a43-f5b0-9126-f433-b6ea85d12ece","24e3b21c-0d2b-9c03-e0f1-a8b7ccfd2ca4","5.000000",,,,,"2026-06-18 21:32:39.844669+00"
"7e2ac33a-b22b-db29-04bd-c4e694a71fc6","85105a43-f5b0-9126-f433-b6ea85d12ece","57591031-db7c-7342-0b16-e3465a60ce94","5.000000",,,,,"2026-06-18 21:32:39.844669+00"
"a5cf01e8-639c-bd77-4fd8-6dda88cd252e","85105a43-f5b0-9126-f433-b6ea85d12ece","3844e2f8-2686-c5a3-57be-a731640d7e29","5.000000",,,,,"2026-06-18 21:32:39.844669+00"
"580e150a-3a35-dcf9-2f78-a9d68c2834e5","85105a43-f5b0-9126-f433-b6ea85d12ece","d6327303-77ee-35e5-af54-bc92e1c51062","5.000000",,,,,"2026-06-18 21:32:39.844669+00"
"ccf768f2-fb75-df7b-1954-66f40f3f35eb","85105a43-f5b0-9126-f433-b6ea85d12ece","929c7dd4-7054-4844-383b-1079ed6d3edb","4.000000",,,,,"2026-06-18 21:32:39.844669+00"
"bbb6ac12-f186-da4c-4119-c5694a4de879","85105a43-f5b0-9126-f433-b6ea85d12ece","444c47e0-60eb-2496-d284-fc8505e4176b","4.000000",,,,,"2026-06-18 21:32:39.844669+00"
"c1a0495f-40a9-ab5e-9f4a-5118f7cd7065","85105a43-f5b0-9126-f433-b6ea85d12ece","c70279a8-3e0d-a6df-a716-80f44c11d98f","6.000000",,,,,"2026-06-18 21:32:39.844669+00"
"1a354054-23a5-0529-d0f0-e48116d46acc","85105a43-f5b0-9126-f433-b6ea85d12ece","4c0c1c5b-444f-f874-a15c-cc425e3b402d","6.000000",,,,,"2026-06-18 21:32:39.844669+00"
"b9712442-1b01-9913-cdb9-900b1458f922","5bb5a89c-c3fb-ad18-0162-e262f94e3005","2420f03a-abf1-6068-18a7-5b47f1a38ff6","615.000000",,,,,"2026-06-18 22:29:52.384874+00"
"7a8aa9c3-404b-c1e5-75bd-5ad419b37285","5bb5a89c-c3fb-ad18-0162-e262f94e3005","6e9a8d35-1435-6103-b258-879e4292c330","205.000000",,,,,"2026-06-18 22:31:44.12376+00"
"ec2f2e05-c01c-afb2-9fa2-eb921743e580","62336e6d-8b1a-fbab-6216-d0a5925993f6","d543d4ed-4f86-4aa4-f738-9b9ac5936c6a","16.000000",,,,,"2026-06-22 23:59:03.600521+00"
"da67ff44-37d5-06db-5cc8-270e1cc3bcb0","62336e6d-8b1a-fbab-6216-d0a5925993f6","3d81e535-760a-64da-a7f1-cd0a0bf6fa60","16.000000",,,,,"2026-06-22 23:59:40.016775+00"
"bc08dc5b-5a75-7592-3c87-40975c25b17a","62336e6d-8b1a-fbab-6216-d0a5925993f6","79792487-5e19-7cfc-5d92-7f54df9ce933","20.000000",,,,,"2026-06-23 00:00:51.472852+00"
"d9b7fedd-0857-c944-1b55-90bf51138194","62336e6d-8b1a-fbab-6216-d0a5925993f6","5300c070-ab98-b593-9b34-7b53b47e4299","16.000000",,,,,"2026-06-23 00:02:42.022532+00"
"c4a0b256-b23e-b8dd-77d8-ee3b4f09db97","62336e6d-8b1a-fbab-6216-d0a5925993f6","d9b6cf7a-c727-0ab4-9d9c-8e997e79fd16","16.000000",,,,,"2026-06-23 00:03:47.872057+00"
"14bd87e8-f23b-4662-d047-87dfb80c6165","62336e6d-8b1a-fbab-6216-d0a5925993f6","bd049eed-4a7e-e23e-5840-a97fe494a3c6","16.000000",,,,,"2026-06-23 00:04:28.483328+00"
"3f98afe4-eb09-b96c-134e-ce490d614078","62336e6d-8b1a-fbab-6216-d0a5925993f6","e54e0da6-a5d8-46b3-c783-15d7eac87a3d","16.000000",,,,,"2026-06-23 00:05:31.768377+00"
"13df53f4-5cd0-869b-563e-a148e7ee863f","62336e6d-8b1a-fbab-6216-d0a5925993f6","a558a4a2-659a-0335-c2ed-232c87995135","30.000000",,,,,"2026-06-23 00:06:24.084752+00"
"eae6a831-a627-ab2f-2568-6e9bccc1f714","62336e6d-8b1a-fbab-6216-d0a5925993f6","c8994d1a-3fb9-b570-3891-694ea0430304","10.000000",,,,,"2026-06-23 00:07:52.063967+00"
"acf91d63-0c54-17b0-ba70-8561d2afacc6","62336e6d-8b1a-fbab-6216-d0a5925993f6","0277035c-fe77-1788-b190-f5ce413602a7","12.000000",,,,,"2026-06-23 00:08:38.391704+00"
"ae49a4a7-60f0-017f-6767-c0b12fe24a3b","62336e6d-8b1a-fbab-6216-d0a5925993f6","3e2cb031-ffec-5974-746b-4494a5314829","24.000000",,,,,"2026-06-23 00:09:48.799059+00"
"e643f19c-85ff-d5eb-599c-a6cb0d51ff0b","62336e6d-8b1a-fbab-6216-d0a5925993f6","0c87fc0d-79c0-1441-4504-43c716198a20","24.000000",,,,,"2026-06-23 00:11:02.867918+00"
"59f10ff8-db36-7637-41d9-1f616bc408a2","85105a43-f5b0-9126-f433-b6ea85d12ece","7fae235e-0ef0-a8a1-9f88-ac787c015616","8.000000",,,,,"2026-06-23 19:35:33.804611+00"
"48c6f8d3-b6c6-2828-e1bd-87a658e770be","85105a43-f5b0-9126-f433-b6ea85d12ece","4b8208ce-6983-0292-0ea8-b803dc3a03fe","4.000000",,,,,"2026-06-23 20:36:14.23521+00"
